ip_addresss,country_code,first_seen_at
91.204.227.115,KR,2021-11-02 02:03:17.565049
91.204.227.116,KR,2021-11-01 02:02:38.131346
91.204.227.118,KR,2021-11-01 02:02:37.656715
91.204.227.119,KR,2021-10-31 02:02:27.020808
91.204.227.117,KR,2021-10-30 01:58:09.074935
193.239.154.132,JP,2021-10-24 02:02:25.933770
45.93.64.2,HK,2021-10-15 02:03:52.310529
45.93.64.3,HK,2021-10-14 02:03:16.677060
45.93.64.6,HK,2021-10-14 02:03:16.215692
45.93.64.5,HK,2021-10-13 02:06:50.379049
45.93.64.4,HK,2021-10-13 02:06:49.996571
192.51.188.30,JP,2021-10-12 02:04:59.860028
193.239.154.133,JP,2021-10-11 02:05:47.364812
192.51.188.29,JP,2021-10-10 02:01:41.283947
103.80.134.25,KR,2021-10-01 02:08:15.571296
92.204.249.221,FR,2021-10-01 02:08:15.167116
103.80.134.114,KR,2021-10-01 02:08:14.760501
92.204.249.219,FR,2021-09-30 02:07:17.751337
92.204.249.218,FR,2021-09-30 02:07:17.342260
103.80.134.89,KR,2021-09-30 02:07:16.933324
92.204.249.222,FR,2021-09-30 02:07:16.525359
92.204.249.220,FR,2021-09-30 02:07:16.113877
103.80.134.39,KR,2021-09-29 01:56:15.975903
103.80.134.121,KR,2021-09-28 02:02:31.063249
134.119.193.106,FR,2021-09-24 02:01:17.664949
134.119.193.110,FR,2021-09-24 02:01:17.255580
134.119.193.109,FR,2021-09-24 02:01:16.845407
134.119.193.108,FR,2021-09-24 02:01:16.436321
134.119.193.107,FR,2021-09-24 02:01:16.018966
185.130.224.15,NL,2021-09-22 02:03:18.965510
185.130.224.10,NL,2021-09-21 02:01:48.680333
185.130.224.56,NL,2021-09-20 02:02:29.835663
103.212.222.147,KR,2021-09-19 02:02:25.530718
103.212.222.148,KR,2021-09-19 02:02:25.127060
185.130.224.17,NL,2021-09-19 02:02:24.723411
103.212.223.157,KR,2021-09-19 02:02:24.304856
185.130.224.16,NL,2021-09-18 02:03:02.201539
146.0.226.156,,2021-09-08 01:58:17.442695
146.0.226.154,,2021-09-07 01:56:34.790419
146.0.226.158,,2021-09-06 02:03:33.908415
146.0.226.157,,2021-09-06 02:03:33.596248
146.0.226.155,,2021-09-06 02:03:33.282286
103.80.134.37,KR,2021-09-03 01:58:39.161056
103.80.134.41,KR,2021-09-02 01:58:04.541833
103.80.134.42,KR,2021-09-02 01:58:04.059662
103.80.134.34,KR,2021-09-02 01:58:03.579086
103.80.134.35,KR,2021-09-02 01:58:03.095060
91.204.227.34,KR,2021-08-19 01:50:55.729505
91.204.227.38,KR,2021-08-18 01:57:34.113677
91.204.227.33,KR,2021-08-18 01:57:33.961851
91.204.227.32,KR,2021-08-18 01:57:33.809159
91.204.227.50,KR,2021-08-17 01:57:17.134271
199.180.102.2,US,2021-08-09 01:59:57.583524
199.180.102.4,US,2021-08-09 01:59:57.426074
199.180.102.3,US,2021-08-09 01:59:57.268231
199.180.102.1,US,2021-08-09 01:59:57.109888
199.180.102.5,US,2021-08-08 01:58:42.587896
27.255.65.57,KR,2021-08-07 01:54:56.135036
27.255.65.56,KR,2021-08-04 02:02:06.961852
27.255.65.55,KR,2021-07-31 01:59:47.817876
27.255.65.54,KR,2021-07-31 01:59:47.666419
103.80.134.180,KR,2021-07-23 05:29:09.893275
103.80.134.28,KR,2021-07-13 01:52:15.725402
103.80.134.27,KR,2021-07-13 01:52:15.561387
103.80.134.26,KR,2021-07-13 01:52:15.396315
103.80.134.212,KR,2021-07-13 01:52:15.232342
103.80.134.204,KR,2021-07-13 01:52:15.068219
103.80.134.178,KR,2021-07-13 01:52:14.903644
103.80.134.147,KR,2021-07-13 01:52:14.737875
103.80.134.120,KR,2021-07-13 01:52:14.573545
27.124.36.25,JP,2021-07-12 01:49:02.818316
27.124.36.24,JP,2021-06-22 01:50:45.941292
192.51.188.146,JP,2021-06-16 09:26:44.126608
192.51.188.144,JP,2021-06-13 01:56:03.467282
192.51.188.143,JP,2021-06-13 01:56:03.307290
192.51.188.145,JP,2021-06-12 01:48:15.701457
192.51.188.142,JP,2021-06-12 01:48:02.146822
107.148.191.23,US,2021-05-29 03:47:45.617510
107.148.191.22,US,2021-05-29 03:47:45.452290
107.148.191.21,US,2021-05-29 03:47:28.050162
27.124.39.243,JP,2021-05-15 02:07:05.239922
27.124.39.242,JP,2021-05-15 02:07:05.078990
27.124.39.241,JP,2021-05-15 02:07:04.917667
134.119.207.188,FR,2021-05-14 02:10:01.974517
27.124.36.52,JP,2021-05-13 02:09:22.616097
134.119.207.190,FR,2021-05-13 02:09:22.456546
134.119.207.186,FR,2021-05-12 02:00:43.232135
134.119.207.189,FR,2021-05-11 02:00:24.114482
27.124.36.61,JP,2021-05-09 01:58:41.370169
27.124.36.53,JP,2021-05-09 01:58:41.208130
134.119.207.187,FR,2021-05-09 01:58:41.043658
154.22.96.212,US,2021-05-02 02:08:11.003996
134.119.187.172,FR,2021-05-02 02:08:10.846268
134.119.187.170,FR,2021-05-02 02:08:10.687922
154.22.96.220,US,2021-05-01 02:04:11.629962
154.22.96.219,US,2021-05-01 02:04:11.495641
154.22.96.217,US,2021-05-01 02:04:11.360216
154.22.96.211,US,2021-05-01 02:04:11.226146
142.0.136.53,US,2021-05-01 02:04:11.091929
142.0.136.52,US,2021-05-01 02:04:10.957685
142.0.136.51,US,2021-05-01 02:04:10.823263
142.0.136.50,US,2021-05-01 02:04:10.689031
142.0.136.49,US,2021-05-01 02:04:10.554684
134.119.187.174,FR,2021-05-01 02:04:10.420314
134.119.187.173,FR,2021-05-01 02:04:10.286068
134.119.187.171,FR,2021-05-01 02:04:10.151326
154.22.96.214,US,2021-04-30 01:59:23.720653
154.22.96.213,US,2021-04-30 01:59:23.595019
154.22.96.218,US,2021-04-29 01:59:19.801964
154.22.96.216,US,2021-04-29 01:59:19.674699
154.22.96.215,US,2021-04-29 01:59:19.546823
125.212.235.131,VN,2021-04-26 02:06:20.928549
165.3.89.252,US,2021-04-25 02:08:19.043259
165.3.89.104,US,2021-04-25 02:08:18.885271
165.3.86.64,US,2021-04-25 02:08:18.726586
165.3.89.190,US,2021-04-25 02:07:55.026137
165.3.89.185,US,2021-04-25 02:07:54.868382
165.3.86.102,US,2021-04-25 02:07:54.710052
45.114.129.49,KR,2021-04-25 02:07:07.813260
210.242.233.29,TW,2021-04-25 02:07:07.654944
165.3.92.236,US,2021-04-24 02:04:18.044521
165.3.92.235,US,2021-04-24 02:04:17.909281
165.3.92.224,US,2021-04-24 02:04:17.775949
165.3.89.95,US,2021-04-24 02:04:17.642464
165.3.89.91,US,2021-04-24 02:04:17.508925
165.3.89.89,US,2021-04-24 02:04:17.375233
165.3.89.84,US,2021-04-24 02:04:17.241609
165.3.89.82,US,2021-04-24 02:04:17.108240
165.3.89.77,US,2021-04-24 02:04:16.974966
165.3.89.73,US,2021-04-24 02:04:16.841516
165.3.89.72,US,2021-04-24 02:04:16.708089
165.3.89.48,US,2021-04-24 02:04:16.574747
165.3.89.178,US,2021-04-24 02:04:16.441258
165.3.89.165,US,2021-04-24 02:04:16.307940
165.3.89.14,US,2021-04-24 02:04:16.174727
165.3.89.132,US,2021-04-24 02:04:16.041429
165.3.89.13,US,2021-04-24 02:04:15.908381
165.3.89.109,US,2021-04-24 02:04:15.775156
165.3.89.108,US,2021-04-24 02:04:15.641439
165.3.89.107,US,2021-04-24 02:04:15.507772
165.3.89.100,US,2021-04-24 02:04:15.374064
165.3.87.248,US,2021-04-24 02:04:15.240721
165.3.86.110,US,2021-04-24 02:04:15.106940
165.3.89.93,US,2021-04-24 02:03:47.131883
165.3.89.92,US,2021-04-24 02:03:46.998656
165.3.89.85,US,2021-04-24 02:03:46.865558
165.3.89.79,US,2021-04-24 02:03:46.731880
165.3.89.55,US,2021-04-24 02:03:46.598212
165.3.89.166,US,2021-04-24 02:03:46.464943
165.3.89.112,US,2021-04-24 02:03:46.331698
165.3.89.10,US,2021-04-24 02:03:46.197533
165.3.89.99,US,2021-04-23 02:05:02.627196
165.3.89.87,US,2021-04-23 02:05:02.466691
165.3.89.78,US,2021-04-23 02:05:02.306298
165.3.89.70,US,2021-04-23 02:05:02.145574
165.3.89.161,US,2021-04-23 02:05:01.984811
165.3.89.113,US,2021-04-23 02:05:01.823161
165.3.87.242,US,2021-04-23 02:05:01.645403
165.3.92.242,US,2021-04-22 02:00:34.087939
165.3.92.219,US,2021-04-22 02:00:33.953383
165.3.89.98,US,2021-04-22 02:00:33.818967
165.3.89.76,US,2021-04-22 02:00:33.684452
165.3.89.209,US,2021-04-22 02:00:33.549877
165.3.89.200,US,2021-04-22 02:00:33.415360
165.3.89.128,US,2021-04-22 02:00:33.280558
165.3.89.12,US,2021-04-22 02:00:33.145751
165.3.89.114,US,2021-04-22 02:00:33.010939
165.3.89.11,US,2021-04-22 02:00:32.876350
165.3.87.217,US,2021-04-22 02:00:32.741789
165.3.86.45,US,2021-04-22 02:00:32.606605
165.3.89.96,US,2021-04-21 01:59:56.015659
165.3.89.106,US,2021-04-21 01:59:55.856549
165.3.87.204,US,2021-04-21 01:59:55.697335
165.3.86.62,US,2021-04-21 01:59:55.538249
165.3.86.32,US,2021-04-21 01:59:55.378588
193.239.154.149,JP,2021-04-17 01:57:04.132593
193.239.154.148,JP,2021-04-17 01:57:04.006128
193.239.154.144,JP,2021-04-17 01:57:03.880177
193.239.154.143,JP,2021-04-17 01:57:03.754199
193.239.154.142,JP,2021-04-17 01:57:03.627722
193.239.154.141,JP,2021-04-15 01:58:43.401282
193.239.154.147,JP,2021-04-14 01:57:00.391932
193.239.154.140,JP,2021-04-14 01:57:00.256757
193.239.154.146,JP,2021-04-13 02:02:28.298852
193.239.154.145,JP,2021-04-13 02:02:28.133372
103.80.134.153,KR,2021-04-13 02:01:56.930095
114.43.101.210,TW,2021-04-10 01:58:31.933461
103.80.134.33,KR,2021-04-09 01:57:44.818984
36.231.101.240,TW,2021-04-08 02:05:13.721449
36.231.118.231,TW,2021-04-03 01:57:49.467850
114.43.97.228,TW,2021-04-03 01:57:49.331650
1.163.104.51,TW,2021-03-27 01:55:37.393405
1.169.21.52,TW,2021-03-22 01:45:58.865346
103.80.134.112,KR,2021-03-22 01:45:21.255684
36.226.251.214,TW,2021-03-21 01:43:03.356835
111.248.199.41,TW,2021-03-20 01:38:58.523336
114.24.21.120,TW,2021-03-19 01:39:47.919182
103.80.134.100,KR,2021-03-15 01:37:42.608240
36.226.254.124,TW,2021-03-13 01:36:50.634459
1.164.143.100,TW,2021-03-13 01:36:50.483391
36.226.252.21,TW,2021-03-06 01:35:09.502174
118.166.45.33,TW,2021-03-06 01:35:09.350459
103.213.247.198,SG,2021-03-06 01:35:09.198388
103.213.247.197,SG,2021-03-06 01:35:09.046854
103.213.247.195,SG,2021-03-06 01:35:08.895053
103.213.247.194,SG,2021-03-06 01:35:08.742926
103.145.59.62,SG,2021-03-06 01:35:08.591342
103.145.59.61,SG,2021-03-06 01:35:08.439650
103.145.59.60,SG,2021-03-06 01:35:08.287916
103.145.59.59,SG,2021-03-06 01:35:08.135739
103.145.59.58,SG,2021-03-06 01:34:43.695607
103.213.247.196,SG,2021-03-04 01:34:32.760689
111.248.198.168,TW,2021-03-01 01:36:40.726287
192.51.188.101,JP,2021-03-01 01:36:21.782871
165.3.89.195,US,2021-02-28 01:35:51.688865
165.3.89.177,US,2021-02-28 01:35:51.531721
165.3.89.174,US,2021-02-28 01:35:51.374579
165.3.89.154,US,2021-02-28 01:35:51.217433
165.3.89.148,US,2021-02-28 01:35:51.060308
165.3.89.142,US,2021-02-28 01:35:50.903412
165.3.89.140,US,2021-02-28 01:35:50.746459
165.3.87.237,US,2021-02-28 01:35:50.589525
165.3.87.142,US,2021-02-28 01:35:50.432374
165.3.87.133,US,2021-02-28 01:35:50.275076
61.219.193.230,TW,2021-02-27 01:32:52.232828
202.79.165.145,JP,2021-02-27 01:32:52.080886
202.79.165.142,JP,2021-02-27 01:32:51.925200
202.79.165.140,JP,2021-02-27 01:32:51.773616
165.3.89.214,US,2021-02-27 01:32:51.621597
165.3.89.196,US,2021-02-27 01:32:51.469679
165.3.89.191,US,2021-02-27 01:32:51.318180
165.3.89.188,US,2021-02-27 01:32:51.166502
165.3.89.181,US,2021-02-27 01:32:51.014916
165.3.89.155,US,2021-02-27 01:32:50.863212
165.3.89.153,US,2021-02-27 01:32:50.711754
165.3.89.139,US,2021-02-27 01:32:50.560158
165.3.89.136,US,2021-02-27 01:32:50.408494
165.3.89.135,US,2021-02-27 01:32:50.256665
165.3.89.134,US,2021-02-27 01:32:50.105074
165.3.89.133,US,2021-02-27 01:32:49.953210
165.3.89.127,US,2021-02-27 01:32:49.801429
165.3.89.126,US,2021-02-27 01:32:49.649868
165.3.89.125,US,2021-02-27 01:32:49.498541
165.3.87.239,US,2021-02-27 01:32:49.347065
165.3.87.238,US,2021-02-27 01:32:49.195110
165.3.87.235,US,2021-02-27 01:32:49.043493
165.3.87.224,US,2021-02-27 01:32:48.891715
165.3.87.218,US,2021-02-27 01:32:48.740103
165.3.87.212,US,2021-02-27 01:32:48.588264
165.3.87.211,US,2021-02-27 01:32:48.436606
165.3.87.208,US,2021-02-27 01:32:48.285187
165.3.87.203,US,2021-02-27 01:32:48.133637
165.3.87.201,US,2021-02-27 01:32:47.981825
165.3.87.200,US,2021-02-27 01:32:47.830164
165.3.87.167,US,2021-02-27 01:32:47.678761
128.14.75.59,US,2021-02-27 01:32:47.527094
128.14.75.50,US,2021-02-27 01:32:47.375418
128.14.75.46,US,2021-02-27 01:32:47.223485
128.14.75.45,US,2021-02-27 01:32:47.071256
128.14.75.39,US,2021-02-27 01:32:46.919357
128.14.75.38,US,2021-02-27 01:32:46.767697
1.162.118.243,TW,2021-02-27 01:32:46.615609
165.3.89.213,US,2021-02-27 01:32:26.144890
165.3.89.189,US,2021-02-27 01:32:25.991775
165.3.89.172,US,2021-02-27 01:32:25.838402
165.3.89.141,US,2021-02-27 01:32:25.685319
128.14.75.53,US,2021-02-27 01:32:25.531824
165.3.89.147,US,2021-02-27 01:32:07.958233
165.3.89.144,US,2021-02-26 01:33:09.574683
165.3.89.138,US,2021-02-26 01:33:09.422081
165.3.89.120,US,2021-02-26 01:33:09.269532
165.3.87.227,US,2021-02-26 01:33:09.117176
165.3.87.199,US,2021-02-26 01:33:08.964678
107.148.170.234,US,2021-02-26 01:33:08.811899
165.3.89.146,US,2021-02-26 01:32:56.000617
165.3.89.145,US,2021-02-26 01:32:55.849290
165.3.89.124,US,2021-02-26 01:32:55.698070
165.3.87.234,US,2021-02-26 01:32:55.546425
165.3.87.210,US,2021-02-26 01:32:55.394326
165.3.89.131,US,2021-02-25 01:32:37.594875
192.51.188.109,JP,2021-02-17 01:29:17.539325
2.59.154.102,JP,2021-02-15 01:30:05.711506
202.79.165.141,JP,2021-02-10 01:28:37.165669
202.79.165.207,JP,2021-02-09 01:28:58.745067
111.248.196.210,TW,2021-02-09 01:28:58.610087
1.164.145.163,TW,2021-02-08 01:29:09.000834
1.169.22.88,TW,2021-02-04 01:28:47.978328
1.163.99.13,TW,2021-02-02 01:45:14.512100
1.164.145.12,TW,2021-01-30 01:47:05.027441
1.163.99.104,TW,2021-01-30 01:47:04.868700
111.248.194.122,TW,2021-01-25 02:39:34.558111
1.164.146.41,TW,2021-01-24 02:40:27.775825
36.231.122.191,TW,2021-01-22 02:38:53.501268
1.163.109.2,TW,2021-01-20 02:39:53.345275
111.248.198.49,TW,2021-01-16 02:37:04.435565
1.164.143.102,TW,2021-01-13 02:30:43.703182
1.164.146.34,TW,2021-01-10 02:22:19.642525
2.59.154.100,JP,2021-01-10 02:21:56.476968
123.30.137.252,VN,2021-01-08 02:15:25.526704
111.248.198.253,TW,2021-01-06 02:11:14.347653
1.164.146.161,TW,2021-01-05 02:09:58.465772
1.164.144.207,TW,2021-01-03 02:09:11.483398
111.248.197.191,TW,2021-01-01 02:07:00.231128
123.30.137.218,VN,2020-12-31 02:04:59.751140
103.254.74.13,JP,2020-12-31 02:04:59.592331
111.248.197.184,TW,2020-12-30 02:01:24.032465
123.30.137.238,VN,2020-12-28 01:58:01.611004
103.254.74.10,JP,2020-12-28 01:58:01.458366
114.24.20.97,TW,2020-12-27 01:58:11.772211
111.248.199.47,TW,2020-12-26 01:53:30.917670
1.164.139.212,TW,2020-12-26 01:53:30.783479
118.168.112.127,TW,2020-12-24 01:57:43.060678
210.201.88.127,TW,2020-12-20 01:43:21.613319
203.69.106.30,TW,2020-12-19 01:42:03.480777
111.248.198.209,TW,2020-12-19 01:41:48.467246
1.164.139.76,TW,2020-12-17 01:40:07.674901
74.91.18.108,US,2020-12-12 01:34:01.228113
74.91.18.109,US,2020-12-11 01:33:45.067204
123.30.137.195,VN,2020-12-09 01:30:02.163085
142.54.186.188,US,2020-12-07 01:29:33.749560
185.223.167.220,US,2020-12-06 01:30:22.952107
185.223.167.219,US,2020-12-06 01:30:22.799849
142.54.186.186,US,2020-12-06 01:30:22.646626
185.223.167.63,US,2020-12-06 01:30:08.581458
2.59.154.101,JP,2020-12-06 01:29:43.527190
74.91.18.107,US,2020-12-05 01:27:09.002749
74.91.18.106,US,2020-12-05 01:27:08.844856
202.79.165.162,JP,2020-12-05 01:27:08.687586
185.223.167.64,US,2020-12-05 01:27:08.529983
185.223.167.62,US,2020-12-05 01:27:08.372574
185.223.167.228,US,2020-12-05 01:27:08.214579
185.223.167.227,US,2020-12-05 01:27:08.056876
142.54.186.187,US,2020-12-05 01:27:07.899080
202.79.165.161,JP,2020-12-05 01:26:50.236966
202.79.165.158,JP,2020-12-05 01:26:50.079614
185.223.167.221,US,2020-12-05 01:26:49.918305
185.223.167.226,US,2020-12-04 01:26:19.837504
185.223.167.218,US,2020-12-04 01:26:19.684606
123.30.137.223,VN,2020-12-02 01:24:32.782680
123.30.137.226,VN,2020-12-01 01:25:03.514389
1.53.252.215,VN,2020-11-30 01:24:11.120263
89.40.73.33,RO,2020-11-28 01:21:15.282741
89.40.73.30,RO,2020-11-28 01:21:15.126623
89.40.73.26,RO,2020-11-28 01:21:14.970532
89.40.73.22,RO,2020-11-28 01:21:14.814282
202.87.221.235,MY,2020-11-28 01:21:14.658085
202.87.221.231,MY,2020-11-28 01:21:14.501496
89.40.73.32,RO,2020-11-28 01:20:56.225914
89.40.73.27,RO,2020-11-27 01:20:48.777949
89.40.73.28,RO,2020-11-26 01:18:53.842807
165.3.94.15,US,2020-11-25 08:25:05.614292
89.40.73.29,RO,2020-11-25 01:19:02.862979
89.40.73.25,RO,2020-11-25 01:19:02.710138
89.40.73.23,RO,2020-11-25 01:19:02.556784
202.87.221.238,MY,2020-11-24 01:17:41.107599
202.87.221.236,MY,2020-11-24 01:17:40.950508
89.40.73.24,RO,2020-11-22 01:17:47.174569
89.40.73.31,RO,2020-11-21 08:19:51.940293
89.40.73.14,RO,2020-11-21 08:19:51.786274
89.40.73.21,RO,2020-11-21 08:18:55.422587
89.40.73.20,RO,2020-11-21 08:18:55.270618
89.40.73.19,RO,2020-11-21 08:18:55.118730
89.40.73.16,RO,2020-11-21 08:18:54.966742
89.40.73.13,RO,2020-11-21 08:18:54.814809
89.40.73.12,RO,2020-11-21 08:18:54.662856
23.251.108.110,US,2020-11-21 08:18:54.510992
23.251.108.105,US,2020-11-21 08:18:54.359146
128.14.210.66,US,2020-11-21 08:18:54.206613
89.40.73.17,RO,2020-11-20 23:15:25.864254
89.40.73.15,RO,2020-11-20 23:15:25.739395
66.151.211.58,US,2020-11-20 23:15:25.614255
89.40.73.18,RO,2020-11-19 23:15:34.212555
89.40.73.11,RO,2020-11-18 23:15:24.062107
63.141.227.109,US,2020-11-18 09:00:12.364803
103.9.76.123,VN,2020-11-17 21:00:17.377951
23.251.108.108,US,2020-11-16 11:15:22.599282
103.9.76.113,VN,2020-11-16 09:00:12.809120
23.251.108.106,US,2020-11-15 11:15:28.305475
23.251.108.119,US,2020-11-14 23:15:21.378937
23.251.108.116,US,2020-11-12 23:15:21.210477
23.251.108.99,US,2020-11-12 11:15:25.061211
23.251.108.104,US,2020-11-12 11:15:24.931535
45.12.115.172,US,2020-11-11 11:15:22.124593
23.251.108.101,US,2020-11-09 23:15:30.970899
23.251.108.103,US,2020-11-09 11:15:32.916370
23.251.108.109,US,2020-11-08 23:15:30.870407
23.251.108.98,US,2020-11-06 23:15:29.041420
23.251.108.107,US,2020-11-06 23:15:28.916528
23.251.108.100,US,2020-11-06 11:15:30.644089
128.14.209.18,US,2020-11-06 11:15:30.511082
45.12.115.173,US,2020-11-05 23:15:29.487383
185.211.49.35,US,2020-11-05 23:15:29.357406
45.12.115.165,US,2020-11-05 11:15:30.517795
185.211.49.13,US,2020-11-04 23:15:38.351495
185.225.138.190,US,2020-11-04 11:15:28.131489
45.12.115.171,US,2020-11-03 23:15:30.095995
45.12.115.166,US,2020-11-02 23:15:43.823070
147.78.221.21,US,2020-11-01 23:15:26.557548
66.151.211.62,US,2020-10-31 23:15:25.192823
45.12.115.174,US,2020-10-31 11:15:27.568688
103.9.76.46,VN,2020-10-31 09:00:10.772562
45.12.115.162,US,2020-10-30 23:15:31.268965
45.12.113.235,US,2020-10-30 23:15:31.134890
1.53.252.164,VN,2020-10-30 21:00:13.968470
45.12.115.164,US,2020-10-30 11:15:22.928968
45.12.115.163,US,2020-10-30 11:15:22.803044
2.56.121.180,US,2020-10-30 11:15:22.676692
45.12.115.170,US,2020-10-29 23:15:26.388550
147.78.221.4,US,2020-10-29 23:15:26.259817
147.78.221.19,US,2020-10-29 23:15:26.130583
66.151.211.61,US,2020-10-29 11:15:28.086916
45.12.115.168,US,2020-10-29 11:15:27.958811
45.12.113.236,US,2020-10-29 11:15:27.830198
66.151.211.59,US,2020-10-28 23:15:38.686870
45.12.115.169,US,2020-10-28 23:15:38.563402
45.12.115.167,US,2020-10-28 23:15:38.439916
45.12.113.234,US,2020-10-28 23:15:38.316527
147.78.221.6,US,2020-10-28 23:15:38.192506
147.78.221.5,US,2020-10-28 11:15:30.688740
147.78.221.22,US,2020-10-28 11:15:30.563251
66.151.211.60,US,2020-10-27 23:15:26.110284
45.12.113.237,US,2020-10-27 23:15:25.979252
147.78.221.20,US,2020-10-27 11:15:31.901660
2.56.121.179,US,2020-10-26 09:00:12.041285
5.180.146.17,US,2020-10-25 23:15:27.716993
2.56.121.182,US,2020-10-25 23:15:27.590992
147.78.221.2,US,2020-10-25 11:15:25.566969
5.180.146.30,US,2020-10-24 11:15:22.649209
128.14.141.251,US,2020-10-24 11:15:22.521861
5.180.146.33,US,2020-10-23 11:15:28.076038
2.56.121.178,US,2020-10-23 11:15:27.949700
128.14.141.252,US,2020-10-22 11:15:23.434767
5.180.146.20,US,2020-10-21 23:15:25.280719
2.56.121.181,US,2020-10-21 23:15:25.156397
5.180.146.19,US,2020-10-21 11:15:25.340298
147.78.221.3,US,2020-10-21 11:15:25.206540
128.14.181.192,US,2020-10-20 23:15:27.605506
5.180.146.31,US,2020-10-14 23:15:24.874984
128.1.248.126,US,2020-10-14 23:15:24.747723
5.180.146.10,US,2020-10-13 23:15:27.549691
5.180.146.26,US,2020-10-12 23:15:28.227128
5.180.146.22,US,2020-10-12 23:15:28.097270
128.14.141.254,US,2020-10-12 11:15:25.073072
128.14.141.238,US,2020-10-12 11:15:24.948604
128.1.248.120,US,2020-10-12 11:15:24.823592
128.14.181.195,US,2020-10-11 23:15:21.478770
128.1.248.112,US,2020-10-11 11:15:28.112155
5.180.146.9,US,2020-10-09 23:15:22.719619
128.14.141.253,US,2020-10-09 23:15:22.590591
128.14.141.247,US,2020-10-09 23:15:22.461722
128.1.248.52,US,2020-10-09 23:15:22.332271
5.180.146.32,US,2020-10-08 23:15:27.604203
128.14.141.235,US,2020-10-08 11:15:31.508892
128.14.181.201,US,2020-10-07 23:15:29.133315
128.14.141.249,US,2020-10-05 23:15:26.299773
128.14.181.188,US,2020-10-03 23:15:32.754096
128.14.181.191,US,2020-10-03 11:15:27.712318
128.14.181.190,US,2020-10-03 11:15:27.585993
128.14.181.200,US,2020-10-02 23:15:26.035970
128.14.181.199,US,2020-10-01 11:15:32.343387
128.14.141.245,US,2020-10-01 11:15:32.214020
128.14.141.246,US,2020-09-30 23:15:30.952173
107.150.103.125,US,2020-09-30 23:15:30.823878
128.14.181.183,US,2020-09-29 23:15:24.676711
23.248.188.42,US,2020-09-28 23:15:26.994522
128.14.181.205,US,2020-09-28 11:15:25.089589
128.14.181.196,US,2020-09-28 11:15:24.961080
128.14.181.182,US,2020-09-28 11:15:24.832013
128.14.141.242,US,2020-09-27 11:15:26.421589
128.14.181.206,US,2020-09-26 11:15:23.647653
128.14.141.243,US,2020-09-25 23:15:27.183229
128.14.181.207,US,2020-09-25 11:15:26.173425
128.14.181.180,US,2020-09-24 23:15:28.978840
128.14.181.194,US,2020-09-24 11:15:26.963249
128.14.141.240,US,2020-09-24 11:15:26.836685
128.14.141.239,US,2020-09-23 23:15:28.235154
128.14.181.198,US,2020-09-22 23:15:29.437258
128.14.141.241,US,2020-09-22 23:15:29.307955
128.14.181.203,US,2020-09-22 11:15:23.357732
128.14.181.202,US,2020-09-22 11:15:23.224815
128.14.181.197,US,2020-09-22 11:15:23.091513
128.14.181.204,US,2020-09-21 23:15:27.266646
128.1.248.91,US,2020-09-21 23:15:27.140907
128.1.248.90,US,2020-09-20 23:15:22.518221
128.14.181.179,US,2020-09-19 11:15:22.538951
128.14.141.236,US,2020-09-18 23:15:24.750112
128.14.181.178,US,2020-09-18 11:15:21.157992
128.14.181.176,US,2020-09-18 11:15:21.028411
128.14.141.237,US,2020-09-18 11:15:20.898420
128.1.248.87,US,2020-09-17 11:15:24.746739
128.1.248.110,US,2020-09-17 11:15:24.620299
128.1.248.88,US,2020-09-16 23:15:20.660938
128.14.140.6,US,2020-09-15 23:15:33.240093
128.1.248.108,US,2020-09-14 23:15:26.017270
128.14.141.234,US,2020-09-14 11:15:30.009180
128.14.141.232,US,2020-09-13 11:15:19.757197
128.1.248.99,US,2020-09-13 11:15:19.631271
128.1.248.100,US,2020-09-13 11:15:19.504954
128.1.248.86,US,2020-09-12 23:15:20.931022
128.1.248.107,US,2020-09-12 11:15:20.151742
128.1.248.105,US,2020-09-12 11:15:20.021601
128.1.248.98,US,2020-09-11 23:15:18.916168
128.14.141.227,US,2020-09-11 09:34:04.281902
128.14.141.226,US,2020-09-11 09:34:04.256949
128.1.248.96,US,2020-09-11 09:34:04.228506
128.1.248.84,US,2020-09-11 09:34:04.200107
128.1.248.70,US,2020-09-11 09:34:04.172691
128.1.248.69,US,2020-09-11 09:34:04.146460
128.1.248.109,US,2020-09-11 09:34:04.117818
128.1.248.103,US,2020-09-11 09:34:04.083375
128.1.248.97,US,2020-09-10 23:15:20.736067
128.1.248.104,US,2020-09-10 23:15:20.610182
128.1.248.102,US,2020-09-10 23:15:20.484270
128.1.248.101,US,2020-09-10 23:15:20.357795
128.14.141.231,US,2020-09-09 23:15:18.762386
128.1.248.111,US,2020-09-09 23:15:18.638759
128.1.248.106,US,2020-09-09 23:15:18.514643
128.14.141.230,US,2020-09-08 11:15:17.915047
128.1.248.82,US,2020-09-07 23:15:17.837738
128.1.248.80,US,2020-09-05 23:15:18.637244
128.14.141.229,US,2020-09-04 23:15:18.207127
128.14.141.228,US,2020-09-04 23:15:18.072225
128.14.141.162,US,2020-09-04 23:15:17.937050
128.1.248.68,US,2020-09-04 23:15:17.802172
128.1.248.67,US,2020-09-04 23:15:17.666656
128.14.141.190,US,2020-08-24 23:15:20.512115
23.251.108.227,US,2020-08-24 11:15:30.265124
162.221.192.227,US,2020-08-23 23:15:19.052563
23.251.108.226,US,2020-08-22 23:15:50.581381
23.248.188.110,US,2020-08-22 23:15:50.450131
23.251.108.236,US,2020-08-21 23:15:35.254104
162.221.192.229,US,2020-08-21 23:15:35.124195
23.251.108.244,US,2020-08-21 11:15:26.129926
23.251.108.230,US,2020-08-21 11:15:25.999444
23.251.108.231,US,2020-08-19 11:15:23.024982
23.251.108.247,US,2020-08-17 23:15:55.919032
162.221.192.59,US,2020-08-17 23:15:55.786365
23.251.108.243,US,2020-08-17 11:15:53.729344
162.221.192.60,US,2020-08-17 11:15:53.600019
23.251.108.245,US,2020-08-16 23:15:21.012618
23.251.108.235,US,2020-08-16 11:15:49.957072
23.248.188.107,US,2020-08-15 21:00:15.275790
23.251.108.239,US,2020-08-15 11:15:21.513763
23.251.108.241,US,2020-08-14 23:15:21.719536
23.251.108.249,US,2020-08-14 11:15:27.441176
23.248.188.105,US,2020-08-14 11:15:27.310036
23.251.108.250,US,2020-08-13 23:15:49.056616
23.251.108.248,US,2020-08-13 23:15:48.920224
23.251.108.246,US,2020-08-13 23:15:48.783789
23.251.108.238,US,2020-08-13 23:15:48.646240
23.248.188.103,US,2020-08-13 23:15:48.509945
162.221.192.56,US,2020-08-13 23:15:48.373119
23.251.108.234,US,2020-08-11 11:15:47.864082
23.251.108.232,US,2020-08-11 11:15:47.736884
23.248.188.104,US,2020-08-08 23:15:20.711837
162.221.192.51,US,2020-08-08 11:15:18.418272
23.248.188.101,US,2020-08-07 23:15:20.584446
23.248.188.100,US,2020-08-06 11:15:33.056762
23.251.108.169,US,2020-08-04 23:15:27.476034
23.251.108.167,US,2020-08-01 11:15:26.693119
23.248.188.98,US,2020-07-31 23:15:30.920766
23.251.108.164,US,2020-07-29 11:15:29.711120
23.251.108.201,US,2020-07-28 11:15:28.443366
23.251.108.163,US,2020-07-28 11:15:28.312302
23.251.108.200,US,2020-07-23 23:15:24.156695
162.221.192.166,US,2020-07-23 11:15:22.967768
23.251.108.199,US,2020-07-22 23:15:23.410642
162.221.192.173,US,2020-07-22 23:15:23.279615
128.1.248.228,US,2020-07-22 21:00:24.536390
162.221.192.184,US,2020-07-22 11:15:24.854271
162.221.192.169,US,2020-07-22 11:15:24.719318
162.221.192.177,US,2020-07-21 23:15:33.676432
23.251.108.196,US,2020-07-20 11:15:19.647896
162.221.192.168,US,2020-07-20 11:15:19.514805
23.251.108.194,US,2020-07-19 23:15:28.105652
162.221.192.179,US,2020-07-19 23:15:27.968161
162.221.192.175,US,2020-07-18 23:15:19.491313
162.221.192.178,US,2020-07-18 11:15:21.034723
162.221.192.162,US,2020-07-17 11:15:21.259866
162.221.192.172,US,2020-07-16 11:15:22.407738
162.221.192.188,US,2020-07-15 11:15:18.817783
162.221.192.163,US,2020-07-15 11:15:18.684439
162.221.192.190,US,2020-07-14 11:15:34.940837
162.221.192.144,US,2020-07-13 23:15:19.667546
162.221.192.182,US,2020-07-12 23:15:37.772959
162.221.192.164,US,2020-07-12 11:15:27.876391
162.221.192.185,US,2020-07-11 23:15:23.716224
162.221.192.181,US,2020-07-11 23:15:23.583725
162.221.192.180,US,2020-07-11 23:15:23.451282
162.221.192.167,US,2020-07-11 23:15:23.318362
162.221.192.186,US,2020-07-10 23:15:28.588592
162.221.192.183,US,2020-07-10 23:15:28.458426
162.221.192.174,US,2020-07-10 23:15:28.328334
162.221.192.142,US,2020-07-10 23:15:28.198076
162.221.192.138,US,2020-07-10 11:15:22.775369
162.221.192.135,US,2020-07-10 11:15:22.640366
162.221.192.131,US,2020-07-06 23:15:36.758035
162.221.192.130,US,2020-06-30 23:15:34.041593
162.221.192.132,US,2020-06-28 11:15:26.917126
128.1.248.211,US,2020-06-25 11:15:39.706615
162.221.192.121,US,2020-06-24 11:15:28.550223
128.1.248.216,US,2020-06-24 11:15:28.415372
162.221.192.100,US,2020-06-23 11:15:25.708968
162.221.192.115,US,2020-06-22 11:15:27.825284
162.221.192.111,US,2020-06-22 11:15:27.690725
128.1.248.194,US,2020-06-21 23:15:24.687690
162.221.192.98,US,2020-06-19 23:15:29.408451
162.221.192.125,US,2020-06-19 23:15:29.281998
162.221.192.120,US,2020-06-19 23:15:29.155415
128.1.248.196,US,2020-06-19 23:15:29.028985
128.1.248.195,US,2020-06-19 23:15:28.901971
162.221.192.122,US,2020-06-18 23:15:23.741926
162.221.192.113,US,2020-06-18 23:15:23.618078
162.221.192.103,US,2020-06-18 23:15:23.494268
162.221.192.101,US,2020-06-18 23:15:23.369821
162.221.192.106,US,2020-06-17 23:15:26.964609
162.221.192.119,US,2020-06-17 11:15:30.739003
162.221.192.102,US,2020-06-17 11:15:30.609927
162.221.192.99,US,2020-06-16 23:15:37.155262
162.221.192.107,US,2020-06-16 23:15:37.030826
162.221.192.109,US,2020-06-16 11:15:22.204696
162.221.192.112,US,2020-06-15 23:15:24.584904
162.221.192.117,US,2020-06-14 23:15:36.098691
162.221.192.108,US,2020-06-14 11:15:34.771136
162.221.192.123,US,2020-06-13 23:15:24.806038
162.221.192.118,US,2020-06-13 23:15:24.674426
162.221.192.116,US,2020-06-13 23:15:24.542679
128.1.248.145,US,2020-06-13 23:15:24.410701
162.221.192.110,US,2020-06-13 11:15:22.173180
162.221.192.105,US,2020-06-13 11:15:22.042338
162.221.192.104,US,2020-06-13 11:15:21.911042
162.221.192.126,US,2020-06-12 11:15:23.581544
128.1.248.162,US,2020-06-12 09:00:22.372026
128.14.181.74,US,2020-06-11 11:15:23.762937
128.1.248.148,US,2020-06-11 11:15:23.634258
128.1.248.128,US,2020-06-10 23:15:30.851557
125.212.235.132,VN,2020-06-10 21:00:16.224670
128.1.248.135,US,2020-06-10 11:15:25.806870
128.1.248.163,US,2020-06-09 23:15:29.909824
128.1.248.132,US,2020-06-09 23:15:29.781031
128.1.248.157,US,2020-06-08 11:15:24.012806
128.14.24.9,US,2020-06-07 23:15:21.194237
128.1.248.155,US,2020-06-06 11:15:21.845456
128.1.248.136,US,2020-06-05 23:15:36.685408
128.1.248.151,US,2020-06-04 23:15:22.724243
128.1.248.150,US,2020-06-04 23:15:22.600207
128.1.248.149,US,2020-06-04 23:15:22.475893
128.1.248.156,US,2020-05-31 23:15:23.241893
128.1.248.142,US,2020-05-30 23:15:35.067533
128.1.248.154,US,2020-05-30 11:15:26.888299
128.1.248.147,US,2020-05-30 11:15:26.759013
128.14.24.26,US,2020-05-29 23:15:24.671529
128.14.24.14,US,2020-05-29 23:15:24.545018
128.1.248.152,US,2020-05-29 23:15:24.418497
128.1.248.134,US,2020-05-29 23:15:24.291566
128.1.248.146,US,2020-05-28 23:15:27.919050
128.1.248.143,US,2020-05-28 23:15:27.790510
128.14.24.15,US,2020-05-28 11:15:26.366412
128.14.24.10,US,2020-05-28 11:15:26.242300
128.1.248.144,US,2020-05-28 11:15:26.117096
128.1.248.153,US,2020-05-27 23:15:24.731704
128.1.248.140,US,2020-05-27 23:15:24.599242
128.1.248.139,US,2020-05-27 23:15:24.466789
128.1.248.138,US,2020-05-27 23:15:24.334235
128.1.248.131,US,2020-05-27 23:15:24.201422
128.14.24.21,US,2020-05-24 23:15:25.092699
128.14.30.146,US,2020-05-23 11:15:23.203638
128.14.24.20,US,2020-05-22 23:15:22.259451
128.14.24.7,US,2020-05-22 11:15:22.498516
128.14.24.18,US,2020-05-21 23:15:22.854330
128.14.24.23,US,2020-05-21 11:15:27.118292
128.14.24.11,US,2020-05-21 11:15:26.991835
128.14.24.6,US,2020-05-20 23:15:22.518364
1.53.252.214,VN,2020-05-20 21:00:16.705851
128.14.24.12,US,2020-05-20 11:15:22.630259
128.14.24.8,US,2020-05-19 23:15:21.930402
128.14.24.30,US,2020-05-19 23:15:21.803572
128.14.24.5,US,2020-05-18 23:15:22.236948
128.14.24.24,US,2020-05-18 23:15:22.105552
128.14.24.2,US,2020-05-18 23:15:21.974173
128.14.24.17,US,2020-05-18 23:15:21.842400
128.14.24.16,US,2020-05-18 11:15:24.245868
128.14.24.3,US,2020-05-17 23:15:22.266402
128.14.24.89,US,2020-05-14 23:15:28.373643
154.223.51.62,PH,2020-05-09 23:15:37.882738
154.223.51.126,PH,2020-05-09 23:15:37.745644
128.14.93.157,US,2020-05-09 23:15:37.608681
128.14.93.156,US,2020-05-09 23:15:37.471595
128.14.93.155,US,2020-05-09 23:15:37.334643
128.14.93.154,US,2020-05-09 23:15:37.197497
128.14.84.206,US,2020-05-09 23:15:37.060222
128.14.84.202,US,2020-05-09 23:15:36.923115
128.14.52.82,US,2020-05-09 23:15:36.785846
128.14.27.126,US,2020-05-09 23:15:36.648778
128.14.27.125,US,2020-05-09 23:15:36.511599
128.14.27.123,US,2020-05-09 23:15:36.374392
128.14.26.240,US,2020-05-09 23:15:36.237232
128.14.26.239,US,2020-05-09 23:15:36.100085
128.14.26.236,US,2020-05-09 23:15:35.962987
128.14.26.232,US,2020-05-09 23:15:35.825762
128.14.26.231,US,2020-05-09 23:15:35.686406
128.14.26.230,US,2020-05-09 23:15:35.549416
128.14.26.226,US,2020-05-09 23:15:35.412433
128.14.26.195,US,2020-05-09 23:15:35.275293
128.14.26.194,US,2020-05-09 23:15:35.138233
128.14.26.188,US,2020-05-09 23:15:34.999516
128.14.26.187,US,2020-05-09 23:15:34.862271
128.14.26.172,US,2020-05-09 23:15:34.725294
128.14.26.165,US,2020-05-09 23:15:34.588248
128.14.26.162,US,2020-05-09 23:15:34.451210
128.14.25.99,US,2020-05-09 23:15:34.313869
128.14.25.9,US,2020-05-09 23:15:34.176534
128.14.25.8,US,2020-05-09 23:15:34.039533
128.14.25.7,US,2020-05-09 23:15:33.902183
128.14.25.6,US,2020-05-09 23:15:33.765116
128.14.25.4,US,2020-05-09 23:15:33.627906
128.14.25.30,US,2020-05-09 23:15:33.490878
128.14.25.3,US,2020-05-09 23:15:33.353856
128.14.25.29,US,2020-05-09 23:15:33.216588
128.14.25.28,US,2020-05-09 23:15:33.079534
128.14.25.27,US,2020-05-09 23:15:32.942458
128.14.25.26,US,2020-05-09 23:15:32.805398
128.14.25.25,US,2020-05-09 23:15:32.668293
128.14.25.24,US,2020-05-09 23:15:32.531078
128.14.25.22,US,2020-05-09 23:15:32.394024
128.14.25.21,US,2020-05-09 23:15:32.256709
128.14.25.20,US,2020-05-09 23:15:32.119548
128.14.25.2,US,2020-05-09 23:15:31.982357
128.14.25.19,US,2020-05-09 23:15:31.844949
128.14.25.18,US,2020-05-09 23:15:31.707876
128.14.25.17,US,2020-05-09 23:15:31.570778
128.14.25.16,US,2020-05-09 23:15:31.433543
128.14.25.15,US,2020-05-09 23:15:31.296256
128.14.25.14,US,2020-05-09 23:15:31.158823
128.14.25.13,US,2020-05-09 23:15:31.021911
128.14.25.126,US,2020-05-09 23:15:30.884814
128.14.25.125,US,2020-05-09 23:15:30.747797
128.14.25.12,US,2020-05-09 23:15:30.610627
128.14.25.117,US,2020-05-09 23:15:30.473569
128.14.25.114,US,2020-05-09 23:15:30.336434
128.14.25.113,US,2020-05-09 23:15:30.199327
128.14.25.112,US,2020-05-09 23:15:30.062136
128.14.25.111,US,2020-05-09 23:15:29.924837
128.14.25.11,US,2020-05-09 23:15:29.787645
128.14.25.109,US,2020-05-09 23:15:29.650530
128.14.25.107,US,2020-05-09 23:15:29.513599
128.14.25.106,US,2020-05-09 23:15:29.376577
128.14.25.105,US,2020-05-09 23:15:29.239501
128.14.25.104,US,2020-05-09 23:15:29.102414
128.14.25.103,US,2020-05-09 23:15:28.965347
128.14.25.100,US,2020-05-09 23:15:28.828134
128.14.25.10,US,2020-05-09 23:15:28.691203
128.14.24.94,US,2020-05-09 23:15:28.554160
128.14.24.92,US,2020-05-09 23:15:28.417254
128.14.24.91,US,2020-05-09 23:15:28.280234
128.14.24.90,US,2020-05-09 23:15:28.143128
128.14.24.88,US,2020-05-09 23:15:28.006087
128.14.24.87,US,2020-05-09 23:15:27.868745
128.14.24.86,US,2020-05-09 23:15:27.731403
128.14.24.85,US,2020-05-09 23:15:27.594171
128.14.24.84,US,2020-05-09 23:15:27.449762
128.14.24.83,US,2020-05-09 23:15:27.311295
128.14.24.82,US,2020-05-09 23:15:27.174218
128.14.24.81,US,2020-05-09 23:15:27.037173
128.14.24.80,US,2020-05-09 23:15:26.900019
128.14.24.79,US,2020-05-09 23:15:26.762852
128.14.24.78,US,2020-05-09 23:15:26.625864
128.14.24.77,US,2020-05-09 23:15:26.488724
128.14.24.76,US,2020-05-09 23:15:26.351660
128.14.24.75,US,2020-05-09 23:15:26.212725
128.14.24.74,US,2020-05-09 23:15:26.075470
128.14.24.73,US,2020-05-09 23:15:25.938399
128.14.24.69,US,2020-05-09 23:15:25.801190
128.14.24.67,US,2020-05-09 23:15:25.664029
128.1.223.42,US,2020-05-09 23:15:25.526546
42.112.35.45,VN,2020-05-09 09:00:17.917190
185.232.65.176,RO,2020-05-09 09:00:17.786040
185.232.65.171,RO,2020-05-09 09:00:17.654829
125.212.235.133,VN,2020-05-09 09:00:17.523679
125.212.235.130,VN,2020-05-09 09:00:17.392476
1.53.252.213,VN,2020-05-09 09:00:17.260798
